video_id,title,category,category_name,duration_seconds,duration_minutes,views,likes,comments,published_at,like_view_ratio,comment_view_ratio,engagement_rate
d36yTEW-otA,Overconfidence üôÉ Free Fire 999+ IQ Players Funny Game #freefire #kar98army #shorts,20,Gaming,95,1.5833333333333333,57225499,1053748,222,2025-07-28T12:30:43Z,0.01841395913384696,3.87938950082375e-06,0.018417838523347784
I-fo9m-2zmU,FINALLY GOLDEN CRIMINAL NIKAAL LIYA GUYSüíÄüòÇ FREEFIRE FUNNY MOMENTS #freefire #shorts#funny#tlswarrior,20,Gaming,90,1.5,25055931,874914,2917,2025-07-04T13:30:14Z,0.034918439071371966,0.00011641954154487414,0.03503485861291684
EShiKTGquTQ,DrDonut couldn't believe it üò≠üôèüèºü§£ #minecraft #gaming #donutsmp,20,Gaming,177,2.95,10951736,489201,1143,2025-07-12T03:39:48Z,0.04466880867106365,0.0001043670154211168,0.04477317568648477
VQRLujxTm3c,Grand Theft Auto VI Trailer 2,20,Gaming,167,2.783333333333333,141175234,6281378,515643,2025-05-06T13:29:04Z,0.04449348389250766,0.003652503242884655,0.04814598713539232
vR_P8Z0ua_g,Franklin Vs Giant Mr Meat In Indian Bike Driving 3D #shortsfeed,20,Gaming,69,1.15,37935227,0,138,2025-10-20T08:03:49Z,0.0,3.6377797343877764e-06,3.6377797343877764e-06
_zK2oB660yk,The Gaming Clip That Ruined His Life üò™ (Leeroy Jenkins),20,Gaming,96,1.6,4228288,322715,1073,2025-02-11T13:00:55Z,0.07632285218036236,0.00025376700924818746,0.07657661918961055
ZoovysqIzbE,Extinct Dragon Canelloni #brainrot #roblox  #stealabrainrot #brainrot #games #gaming #funny,20,Gaming,180,3.0,5759918,73875,252,2025-09-18T15:01:06Z,0.01282570342147232,4.375062283872791e-05,0.012869454044311047
xXWxtKrAVg4,Building My Dream 5090 Gaming PC ‚Äã‚Å†‚Äã‚Å†‚Äã@asusrog,20,Gaming,86,1.4333333333333333,8040973,260632,5335,2025-05-20T07:16:37Z,0.032412992805721394,0.0006634769200195051,0.0330764697257409
kuwFCKbgfbQ,Asmr retro gaming mega short 2 Inserting games and turning on random consoles between 1982-2025.,20,Gaming,180,3.0,3250367,95220,1785,2025-08-27T16:02:57Z,0.029295153439596204,0.0005491687554051588,0.029844322195001365
8FRKlDiFllw,Fanly v badge üìõ mil ‡§π‡•Ä gaya Y GAMING ‚ò†Ô∏è ‡§ï‡•ã short üî• #vbadge #ygaming,20,Gaming,61,1.0166666666666666,2416062,102778,257,2025-01-26T04:06:15Z,0.04253947125529063,0.00010637144245470521,0.04264584269774534
AFD2gJC4iqA,Best Background Music For Your Gaming Videos | Non-Copyrighted‚úÖ,20,Gaming,210,3.5,23073,683,150,2025-08-19T10:05:29Z,0.0296016989554891,0.00650110518788194,0.03610280414337104
24_Pu_ApRwY,If you have under 10 MB/s on Epic Games Launcher... DO THIS NOW,20,Gaming,87,1.45,424445,8915,881,2024-06-16T19:00:02Z,0.021003899209556007,0.0020756517334401393,0.023079550942996147
xIwNNBMVyU8,Must Play Indies - Epic Adventures | PS5 Games,20,Gaming,89,1.4833333333333334,56537,1812,98,2025-03-28T16:45:03Z,0.03204980809027717,0.001733378141747882,0.033783186232025045
REP1cuGbP-8,Borderlands 4 - Official Character Short - Rafa (YOLT),20,Gaming,295,4.916666666666667,904976,23849,2034,2025-07-30T16:00:21Z,0.026353185056841286,0.002247573416311593,0.02860075847315288
0q7fP7Tw7vo,the plants vs zombies replanted situation is crazy  #gaming #news,20,Gaming,134,2.2333333333333334,1766317,75034,960,2025-10-22T16:45:18Z,0.04248048340133736,0.000543503799148171,0.04302398720048553
BHYoreEPXzE,Weird Al‚Äôs Secret NES Game!! (ft. ‚ÄúWeird Al‚Äù Yankovic),20,Gaming,177,2.95,1453134,99661,1473,2025-07-08T15:45:00Z,0.06858348920333569,0.0010136711411335775,0.06959716034446926
Jz2QmBgk0-Y,20 Insane Video Game Cheat Codes,20,Gaming,482,8.033333333333333,963886,15089,316,2024-01-25T22:48:55Z,0.015654340866036023,0.0003278395992887126,0.01598218046532474
R1Ru3p6eMVs,Mad Granny Helicopter Escape üòÇ mad granny game definition  madgran game horror escape gameplay video,20,Gaming,114,1.9,3167271,96525,105,2025-08-06T06:11:08Z,0.030475762888619255,3.315156802180805e-05,0.030508914456641063
-PCtDfh3qKI,Scooty Escape from madgran scary horror escape madgran game definition hindi mad granny grandpa game,20,Gaming,97,1.6166666666666667,2277446,16768,100,2025-07-30T06:01:14Z,0.007362633406017091,4.390883472099887e-05,0.0074065422407380895
tLQ7y9qWsuw,Insane Secrets in Spider-Man Miles Morales! #spiderman #gaming #shorts,20,Gaming,73,1.2166666666666666,807051,31232,71,2025-09-13T00:10:04Z,0.03869891741661927,8.797461374807788e-05,0.03878689203036735
Zs266R9yiek,Flood in Mad Granny house üåäüò± | madgran game definition hindi madgran scary horror game funny video,20,Gaming,64,1.0666666666666667,2622108,21527,88,2025-08-19T07:01:07Z,0.008209806766159136,3.356078391889274e-05,0.008243367550078028
rJwEphsNVH8,"Shenseea - Hit & Run ft. Masicka, Di Genius",10,Music,189,3.15,158222907,871872,25099,2024-01-26T05:00:11Z,0.005510403117546058,0.0001586306336793572,0.005669033751225415
1onhvVnL8B8,Gajendra Verma - Mann Mera (Original Version) | Official HD Music Video,10,Music,227,3.783333333333333,25773449,295701,7370,2025-05-21T05:30:06Z,0.011473086120526593,0.0002859531915965147,0.011759039312123108
2mjx95RGtxQ,"Kehar Sing Limbu - Sarara Sarara Official Music Video ft.Nimesh Thapa, Losina Shakya | Kehar& Lunga",10,Music,266,4.433333333333334,22276799,168879,2931,2025-03-10T16:04:30Z,0.007580936560948456,0.00013157186541926422,0.00771250842636772
A5mURRozXtg,Don Toliver - No Pole [Official Music Video],10,Music,256,4.266666666666667,19196609,316074,3762,2025-03-03T18:00:12Z,0.016465095475977035,0.00019597211153282333,0.016661067587509855
TvVtYaqCni8,LE SSERAFIM (Î•¥ÏÑ∏ÎùºÌïå) 'SPAGHETTI (feat. j-hope of BTS)' OFFICIAL MV,10,Music,199,3.316666666666667,45276400,1258380,66556,2025-10-24T03:58:08Z,0.027793287452182593,0.001469993197339011,0.029263280649521606
xGaZBfJOyAc,Lady Gaga - The Dead Dance (Official Music Video),10,Music,287,4.783333333333333,53365692,1140910,66522,2025-09-03T16:00:07Z,0.021379091270848694,0.0012465311983586758,0.02262562246920737
pSAtptOY7dI,Tibok - Earl Agustin (AshBin Version Music Video),10,Music,325,5.416666666666667,45261466,254715,18424,2025-04-09T13:00:07Z,0.005627634774357507,0.00040705707587995494,0.006034691850237463
KFMYx1TibeQ,Kehlani - Folded [Official Music Video],10,Music,246,4.1,42499969,318901,9841,2025-06-26T16:00:06Z,0.007503558414360255,0.00023155311007403323,0.007735111524434289
O25uwLqtKqA,Shandesh & Mvzzle - Sdudla or Slender (Official Music Video),10,Music,224,3.7333333333333334,20344190,0,2756,2025-04-25T18:00:06Z,0.0,0.00013546865222945715,0.00013546865222945715
y4lbxocj0Cg,Vybz Kartel - God Is The Greatest (Official Music Video),10,Music,182,3.033333333333333,23470688,246020,12145,2025-03-30T15:23:42Z,0.01048201058273196,0.0005174539408474093,0.010999464523579368
93YDqv3KBUs,"Yovie Widianto, Tiara Andini - Tanpa Cinta (Official Music Video)",10,Music,288,4.8,44776001,167469,39297,2025-04-25T14:00:08Z,0.0037401508902056707,0.0008776353207603332,0.004617786210966004
RH47xvQ1Qs8,Imran Mahmudul - Konna (Official Video) ft. Kona,10,Music,210,3.5,18281666,50639,1144,2025-03-18T10:07:49Z,0.002769933549819803,6.2576353818082e-05,0.002832509903637885
b6-JNeXxN3s,mgk & Jelly Roll - Lonely Road (Official Music Video),10,Music,289,4.816666666666666,56139832,522242,26830,2024-07-26T04:00:08Z,0.009302521603555922,0.00047791379211822366,0.009780435395674145
vz-_ZtUh8P4,Jackson Wang - Made Me a Man (Official Music Video),10,Music,236,3.933333333333333,40595496,206473,17135,2025-07-18T04:00:07Z,0.0050861061039874965,0.00042209116006366814,0.005508197264051165
c8zq4kAn_O0,sombr - back to friends (official video),10,Music,202,3.3666666666666667,74524747,729998,11817,2025-04-03T19:00:06Z,0.009795377098026244,0.00015856477848894945,0.009953941876515193
HAcLoqZO-Z0,Sushant KC - Bardali ft. Indrakala Rai (Official Music Video),10,Music,213,3.55,115441296,1066548,28249,2024-10-27T12:15:07Z,0.009238877567694667,0.0002447044600053693,0.009483582027700036
knGCfzm4jWs,Guru Randhawa - SIRRA ( Official Video ),10,Music,154,2.566666666666667,146990578,1304620,37840,2025-07-01T05:31:15Z,0.00887553486591501,0.00025743146611750855,0.00913296633203252
XCjU9qbfv1U,Davido - With You (Official Video) ft. Omah Lay,10,Music,140,2.3333333333333335,42044478,303378,17981,2025-06-16T16:00:06Z,0.0072156443469223236,0.00042766614916707967,0.0076433104960894034
kPa7bsKwL-c,"Lady Gaga, Bruno Mars - Die With A Smile (Official Music Video)",10,Music,253,4.216666666666667,1429731384,12770590,551678,2024-08-16T04:00:36Z,0.008932160364467456,0.00038586129266922494,0.009318021657136681
aSugSGCC12I,Sabrina Carpenter - Manchild (Official Video),10,Music,237,3.95,104321457,1506029,60140,2025-06-06T14:00:06Z,0.014436426055667532,0.0005764873471811269,0.015012913402848658
0aNLFlFFKpw,Sa Bawat Sandali - Amiel Sol (Official Music Video),10,Music,336,5.6,25340116,342259,19254,2025-02-20T10:00:27Z,0.013506607467779548,0.0007598228832101637,0.014266430350989711
dpvQqmX6SUI,Tate McRae - Just Keep Watching (From F1¬Æ The Movie) (Official Video),10,Music,147,2.45,49085258,486971,13218,2025-05-30T04:00:06Z,0.009920921674691004,0.00026928655442740057,0.010190208229118404
bB3-CUMERIU,JENNIE - Mantra (Official Video),10,Music,148,2.466666666666667,220027742,3925440,327707,2024-10-11T00:00:06Z,0.0178406593837608,0.0014893894607162764,0.019330048844477074
eOAEpMOo-pA,Skusta Clee - Kalimutan Ka (Official Music Video),10,Music,321,5.35,125424284,334845,30954,2025-02-14T07:10:10Z,0.0026696983177516087,0.0002467943129737141,0.002916492630725323
SZpiiixlHWY,Tyla - IS IT (Official Music Video),10,Music,161,2.683333333333333,30004025,363987,12742,2025-07-11T04:00:06Z,0.012131272387621328,0.0004246763559222471,0.012555948743543575
seARsMwjbEU,JENNIE & Dua Lipa - Handlebars (Official Video),10,Music,211,3.5166666666666666,37793013,1141253,49217,2025-03-10T15:00:07Z,0.030197460043738772,0.0013022777517103493,0.03149973779544912
756YdTT-WJ0,"Goon Flavour, Master KG & Eemoh - Ngishutheni (Official Music Video)",10,Music,239,3.9833333333333334,84952081,430158,19170,2025-05-09T16:00:07Z,0.005063536936782043,0.0002256566263515075,0.00528919356313355
-e_IuYgvdf8,The Corrs - Breathless [HD] - Official Music Video,10,Music,222,3.7,18302528,108281,3567,2024-03-17T09:00:00Z,0.0059161772625071244,0.00019489111012424077,0.006111068372631366
woLfAvD5iXI,Chappell Roan - The Subway (Official Music Video),10,Music,272,4.533333333333333,23152967,598773,20874,2025-08-01T14:00:09Z,0.025861609874881262,0.000901569116390137,0.0267631789912714
y7OAKM7EBXI,Mthandeni SK - Gucci (Official Music Video) ft. MaWhoo,10,Music,264,4.4,18957176,112266,5466,2024-12-07T00:17:25Z,0.005922084597410501,0.0002883340852034079,0.006210418682613909
VIFy52ZU6-s,GRWM for my Brother‚Äôs Marriage | Bhai ki shaadi Makeup look Tutorial with Swiss Beauty #bestmakeup,26,How-to & Style,61,1.0166666666666666,7535647,269528,1747,2024-04-01T12:30:16Z,0.03576706817609689,0.00023183145388843188,0.03599889962998532
nYUmhXgsED0,2010 makeup in India 10 saal phle kaisa makeup hua krta tha üòÖ#ytshorts #makeup #fair #2010 #short,26,How-to & Style,61,1.0166666666666666,9181874,164572,1230,2024-05-12T16:36:25Z,0.017923574207182543,0.000133959581671454,0.018057533788853997
pdneO5sxlPU,Color correcting brown skin right | No more gray patches! | Dark circle & hyperpigmentation fix,26,How-to & Style,90,1.5,30931462,522409,2199,2025-04-27T16:20:56Z,0.016889243709204565,7.109266286863517e-05,0.016960336372073198
100lef7mXW8,LE DI UNA SEGUNA OPORTUNIDAD A ESTE IDENTIFICADOR DE VELLO #makeup #beauty #beautytips #makeuptips,26,How-to & Style,61,1.0166666666666666,7606551,353378,7962,2024-08-13T20:00:00Z,0.0464570604995615,0.0010467293258140252,0.04750378982537552
XuKUJDEPwVA,eyeliner mistakes #beginnersmakeup #beginners #makeup #easymakeup #smudgeproof eyeliner #eyemakeup,26,How-to & Style,89,1.4833333333333334,21585038,415868,1521,2025-05-10T06:25:36Z,0.019266493762948204,7.046547705869223e-05,0.019336959240006897
dQ4zpyC1gKE,Fair and lovely cream and ponds powder makeup #viralvideo #fair& lovely cream #makeup #shorts,26,How-to & Style,61,1.0166666666666666,10027588,159953,553,2024-06-12T16:50:07Z,0.01595129357129551,5.514785808910378e-05,0.016006441429384614
bIuQYS1DCg4,8 Hour Haircare Routine #dermreacts #haircare,26,How-to & Style,61,1.0166666666666666,13503704,527953,2922,2024-06-24T18:17:12Z,0.039096902597983485,0.00021638507479133131,0.03931328767277482
m3ySuxC2e8g,Winter Special Rocks! #haircare #healthyfood #healthylifestyle #healthyliving #healthtips #hairtips,26,How-to & Style,61,1.0166666666666666,15481056,329325,1079,2024-11-29T09:44:53Z,0.021272773640247798,6.969808777902489e-05,0.02134247172802682
Nd7pfAZ8Y-4,this wash turns straight hair curly they said!! üí¶üò±,26,How-to & Style,61,1.0166666666666666,34229704,503253,2972,2025-08-02T13:30:31Z,0.014702230553907215,8.682517383147689e-05,0.014789055727738691
stOxvyKEIFY,How to cure tangled hair? Hairfall Tips by Falak Naaz! #falaknaaz #tips #hairstyle #hair,26,How-to & Style,61,1.0166666666666666,11877651,214822,232,2024-07-15T05:38:55Z,0.018086236074792903,1.9532481632942406e-05,0.018105768556425844
ez2bddc7i58,Navratri DIY for Kappu / Ghamu Saran / Navratri Outfit Ideas pinterest #shorts #navratridiy,26,How-to & Style,90,1.5,11651266,267289,3381,2025-09-22T15:35:53Z,0.022940768840055664,0.0002901830582187378,0.023230951898274402
qg0Ife8jMWE,Change the style of your fashion #fashion #hacks,26,How-to & Style,492,8.2,20174951,40074,834,2024-01-18T06:00:22Z,0.0019863245268848485,4.1338390363376846e-05,0.0020276629172482252
_Y_DuZ656nA,100 year old KHOL making ‚ô•Ô∏è#kajal #beauty #hacks #100yearsold,26,How-to & Style,61,1.0166666666666666,90850553,724347,735,2025-03-28T10:44:45Z,0.007972950918636677,8.090209423381276e-06,0.007981041128060057
SkYCJE9yLvM,how to elevate your makeup game,26,How-to & Style,591,9.85,3435231,130272,714,2024-04-12T13:00:25Z,0.03792234059368933,0.0002078462845730025,0.038130186878262334
AXAD3zbBOn4,Easy and Gorgeous braid hairstyle for natural hair on budget,26,How-to & Style,557,9.283333333333333,2534015,0,440,2024-01-16T19:15:01Z,0.0,0.00017363748833373126,0.00017363748833373126
hfdZv-wPq_g,Simple & Easy Hairstyle Tutorials _Graceful Hairstyle For Girls _Hair Style Girl,26,How-to & Style,350,5.833333333333333,904393,5593,65,2025-01-08T13:29:28Z,0.006184258392092818,7.1871409884862e-05,0.0062561298019776805
mUY-FJfSCsM,Quick & Simple Easiest Way Of Short Natural Hairstyling . Very Detailed For Beginners.,26,How-to & Style,546,9.1,2516974,15994,380,2024-12-01T17:11:27Z,0.006354455786988662,0.0001509749405436846,0.006505430727532346
Y7B-9GjHjKo,Beautiful 2 Minute Hairstyle Tutorial üßø Simple Juda Hairstyle F Everyday W ‡§ï‡•ç‡§≤‡§ö‡§∞_ Hairstyle Tutorial,26,How-to & Style,319,5.316666666666666,4650070,13989,217,2025-03-25T14:40:05Z,0.003008341809908238,4.6665964168281335e-05,0.0030550077740765192
0QlHMvygk9w,Best & Easy ‚ú® Simple Juda Bun Hairstyle Girl For Long Hair | Simple Quick Updo Hairstyle For Women,26,How-to & Style,146,2.433333333333333,2802970,13717,151,2024-09-29T13:51:06Z,0.004893737713924873,5.387142923399109e-05,0.004947609143158864
rnYM9GvubJs,simple easy hairstyle - new hairstyle for girls | trending hairstyle | hairstyle for wedding,26,How-to & Style,257,4.283333333333333,1671890,9613,63,2025-09-15T15:09:24Z,0.005749780188888025,3.768190491001202e-05,0.005787462093798037
oO6yM7e1sEw,"iPhone 17, iPhone Air & iPhone 17 Pro Max Hands On & First Look ‚ö°120Hz, 8X Tele, A19 Pro & More",28,Science & Technology,459,7.65,1307295,35354,1170,2025-09-10T00:32:16Z,0.027043628255290504,0.0008949777976661733,0.02793860605295668
PGghSEuXZ5k,"Tech News 2027 || iPhone 17 Series, BBD Sales Pixel Deals, OnePlus 15 , JIO 5G VoNR Etc..",28,Science & Technology,490,8.166666666666666,248334,14109,712,2025-09-10T14:30:20Z,0.05681461257822127,0.0028671063970298065,0.059681718975251076
p0P4yaMeoXY,"Tech News 2062 || iBOMMA Ravi, vivo X300 Series, Nothing 3a Lite launch, OnePlus 15R Leaks.Etc...",28,Science & Technology,540,9.0,298802,14595,577,2025-11-17T13:50:24Z,0.048845054584641334,0.0019310446382554333,0.05077609922289677
n0mj2gh52Vg,"Tech News 2026 || realme GT 8 Pro, vivo X300 Series, Amazon Pad, OPPO F31, Nepal Gen Z protest.Etc..",28,Science & Technology,593,9.883333333333333,245884,15672,682,2025-09-09T14:56:30Z,0.06373737209415822,0.0027736656309479265,0.06651103772510615
3wrn5PpI9sE,"Flipkart Big Billion Days 2025 is hereüò≤ , Jio Airtel Bad newsü•∫, iPhone 17e, Galaxy S26, Realme 15T",28,Science & Technology,505,8.416666666666666,1295532,58666,2123,2025-08-22T15:17:18Z,0.04528332762139414,0.0016387090399928369,0.04692203666138698
BswyOXsLTdw,iPhone Vs Android‚ö°I Bet You Didn't Know This üòâ #TrakinShorts,28,Science & Technology,69,1.15,2169602,155964,5937,2025-08-04T07:41:33Z,0.07188599568031372,0.002736446592508672,0.07462244227282239
HqL0xhwDz9s,US-EAST-1 is humanity‚Äôs weakest link‚Ä¶,28,Science & Technology,267,4.45,1131623,43970,1944,2025-10-21T16:54:32Z,0.038855696641019136,0.001717886610646832,0.04057358325166597
FJiDKlVKdDM,India‚Äôs Own WhatsApp Killer - Arattai App Reality Test ?,28,Science & Technology,510,8.5,2564635,95056,8084,2025-09-29T15:12:02Z,0.037064143630575114,0.0031521054653001306,0.04021624909587524
U8EDa7dF0rE,"Tech News 2030 || OnePlus Deals, iQOO 15 , Gemini Nano Banana , Musk & Beast Mobile Carriers Etc.",28,Science & Technology,522,8.7,284926,16379,727,2025-09-16T14:32:33Z,0.05748510139474811,0.002551539698026856,0.06003664109277496
IUQzTSZJirA,"POCO F8 Pro Coming, Transparent iPhone ü´¢,Galaxy S26 First Look, iPhone 18 Pro, JioXGemini ü§Ø-#TTN1722",28,Science & Technology,374,6.233333333333333,251773,10998,296,2025-11-11T13:03:16Z,0.043682205796491284,0.0011756622036517021,0.044857868000142985
fBtkxKt-FNE,"Flipkart Big Bang Sale,OxygenOS 16 First Look,vivo V60e,OPPO Reno 15 Launch,New Apple Event-#TTN1713",28,Science & Technology,385,6.416666666666667,285245,12344,364,2025-10-09T12:56:21Z,0.04327507931777945,0.001276095987659731,0.044551175305439186
nFi39vcODcQ,"Tech News 2006 || India on 50% Tariff, Apple $600 Billion Investment, realme P4 Pro, Samsung A17.Etc",28,Science & Technology,546,9.1,250438,19450,1281,2025-08-07T14:33:42Z,0.07766393278975235,0.0051150384526309906,0.08277897124238334
ByIVi74AAeY,"UPI Major Changes, Infinix GT 30 Launch, iQOO 8000mAhüò≤,realme N Series, 3Bn+ iPhones, JioPC-#TTN1697",28,Science & Technology,417,6.95,300008,14667,578,2025-08-01T12:31:38Z,0.048888696301431965,0.0019266152902589265,0.050815311591690886
5l5ae69IHLw,"realme GT 8 Pro India Launch, Jio Big Offer?, vivo X300 FE Launch,iQOO Neo 11,GTA 6 Trailer-#TTN1719",28,Science & Technology,416,6.933333333333334,247726,12369,281,2025-10-31T13:52:05Z,0.04993016477882822,0.0011343177542930496,0.05106448253312127
G_-_akmD4Kw,"Tech News 2041 || Apple New Products launch, OnePlus 15 Launch Date, realme GT 8 Pro, UPI.Etc..",28,Science & Technology,595,9.916666666666666,269534,14438,480,2025-10-13T14:53:25Z,0.05356652592993834,0.0017808513953712704,0.05534737732530961
1UufaK3pQMg,AI2027: Is this how AI might destroy humanity? - BBC World Service,28,Science & Technology,489,8.15,1751641,17462,4805,2025-08-01T23:00:03Z,0.009968937698991974,0.0027431420022710133,0.012712079701262986
25gReGuaIoQ,"Galaxy S25 FE First Look, realme 15 India Launch, Tarrif Hike?, YouTube Big News,Nvidia $4T-#TTN1691",28,Science & Technology,409,6.816666666666666,287988,13174,632,2025-07-10T12:45:48Z,0.04574496159562204,0.0021945358834395876,0.04793949747906163
jv5Y1KJopc0,Top 8+ Crazy Apps You Must Try ‚ö°Ô∏è Best Android Apps | August 2025,28,Science & Technology,589,9.816666666666666,766109,31446,1030,2025-08-02T08:28:47Z,0.04104637851793935,0.0013444562066233395,0.04239083472456269
bfsL0bKSyl0,"Big Billion Days Sale, JioFrames Is Here, Snapdragon 8 Elite Gen 5ü•≤, Exynos 2600 Is CRAZY!!-#TTN1704",28,Science & Technology,388,6.466666666666667,774432,26492,747,2025-08-30T12:30:54Z,0.03420829717780257,0.0009645779100037189,0.03517287508780629
rG4FsJHYsXo,Jio-Airtel SHOCKING News ! #shorts,28,Science & Technology,100,1.6666666666666667,983857,75609,5338,2025-08-25T12:31:07Z,0.07684958281538883,0.005425585222242664,0.08227516803763149
Mdux1UOIumM,"Tech News 2001 || Freedom Sale Deals, iQOO 15 & OnePlus 15, US Tariffs on India  Etc.",28,Science & Technology,520,8.666666666666666,305541,20700,961,2025-07-31T14:52:42Z,0.06774868184629886,0.003145240736922377,0.07089392258322123
YY7erc10tLM,"iQOO 15 India Launch, iPhone 18 Big News,Nothing Phone 3a (Lite), Reliance x Meta AI, NavIC-#TTN1718",28,Science & Technology,378,6.3,246957,12278,323,2025-10-27T13:05:55Z,0.04971715723789972,0.0013079200022676012,0.05102507724016732
k3zDshbYbgM,Top 7 Crazy AI Apps You Must Try ‚ö°Ô∏è Best Android Apps | June 2025,28,Science & Technology,531,8.85,954280,40537,911,2025-06-07T09:11:23Z,0.04247914658171606,0.0009546464350085929,0.04343379301672465
q6QT6Acbo0M,"POCO M7 Plus Unboxing & First Look ‚ö° 6.9"" 144Hz, 7000mAh @ ‚Çπ12,999*!",28,Science & Technology,596,9.933333333333334,1276300,31000,1432,2025-08-18T09:24:25Z,0.024288960275797227,0.0011219932617723106,0.025410953537569538
WyuvvHbX8Ik,"Motorola Edge 70 First LooküòÆ , Nothing Phone 4a?, Jio 77 Plan, OriginOS 6 India, iQOO NEO 11 Specs",28,Science & Technology,580,9.666666666666666,798235,40929,3541,2025-09-27T14:15:48Z,0.051274374087831275,0.004436037006645912,0.05571041109447719
Wm1-ti2HwcI,"OPPO Find X9 India Launch, Xiaomi 17 Ultra Coming, ChatGPT Desi Feature,iQOO 15 Big Upgrade-#TTN1714",28,Science & Technology,377,6.283333333333333,255538,11521,276,2025-10-11T13:09:06Z,0.04508527107514342,0.001080074196401318,0.04616534527154474
5T5ke8nXpPQ,OriginOS 6 Hands On And First Look ‚ö°Ô∏è Thank you vivo!,28,Science & Technology,474,7.9,1087504,39375,3366,2025-10-15T13:01:29Z,0.03620676337742206,0.0030951610292927656,0.039301924406714824
x5WskTSj3hk,Top 5 Best Smartphones Under ‚Çπ20000 Budget ‚ö° August 2025,28,Science & Technology,416,6.933333333333334,1363167,38563,2019,2025-08-15T08:30:37Z,0.028289270500239515,0.001481109797992469,0.029770380298231983
ksZGlA0Zrd0,"iPhone Air Bend Test ü§Ø, YouTube Big News, Crazy iPhone Deals, Spotify Hi-Res,Apple A19 Pro -#TTN1708",28,Science & Technology,392,6.533333333333333,306049,13245,500,2025-09-13T12:49:39Z,0.04327738368692595,0.001633725318494751,0.0449111090054207
INiO3KK-V8w,"Tech News 2013 || Samsung S25 FE & Tab S11 Series, iPhone 17 , ChatGPT Go, JIO removed 1GB Plans Etc",28,Science & Technology,486,8.1,252947,14042,561,2025-08-19T14:44:19Z,0.055513605616986955,0.0022178559144801083,0.05773146153146707
PP2Oh8T5G4k,KAMLA : THE END Gameplay #2  Witch Priyal ( INDIAN HORROR GAME ),20,Gaming,1779,29.65,8629088,66484,2137,2024-07-29T11:30:10Z,0.007704638079945413,0.0002476507366711291,0.007952288816616542
dP1ZtdzMbBY,(PS5) END | IMMERSIVE Realistic ULTRA Graphics Gameplay [4K 60FPS HDR] Uncharted: Legacy of Thieves,20,Gaming,1444,24.066666666666666,2521697,13968,533,2024-02-06T12:32:42Z,0.005539127024380804,0.00021136560022873486,0.005750492624609539
TudAYRIxPjw,A QUIET PLACE THE ROAD AHEAD Walkthrough Gameplay Part 1 - INTRO (FULL GAME),20,Gaming,4539,75.65,2514918,62668,2621,2024-10-17T04:00:19Z,0.024918506289270663,0.0010421810969582308,0.025960687386228896
x5X_GZsiL0k,SILENT HILL 2 REMAKE Gameplay Walkthrough FULL GAME [PS5 4K 60FPS] - No Commentary,20,Gaming,37937,632.2833333333333,2975039,35619,3001,2024-10-05T14:02:49Z,0.011972616157300796,0.0010087262721597936,0.012981342429460589
hBTwN02Wjho,Finally Naruto in Free Fire Max üò± Gameplay & Review - Tonde Gamer,20,Gaming,1502,25.033333333333335,3206435,140881,6458,2025-01-10T04:26:19Z,0.04393695802347467,0.002014074821413813,0.04595103284488848
tQdpg4D0clM,SILENT HILL 2 REMAKE Walkthrough Gameplay Part 1 - INTRO (FULL GAME),20,Gaming,7788,129.8,2205374,65628,3948,2024-10-04T07:00:40Z,0.02975821788050462,0.0017901725512316732,0.031548390431736295
fgIWGvzMUdk,METAL GEAR SOLID DELTA SNAKE EATER Walkthrough Gameplay Part 1 - INTRO (FULL GAME),20,Gaming,10469,174.48333333333332,1958861,51603,4022,2025-08-22T07:00:42Z,0.02634336994814844,0.002053233996695018,0.028396603944843456
BrR9xvFQ_B8,KAMLA FULL GAMEPLAY (HORROR GAME),20,Gaming,2158,35.96666666666667,9335762,277040,25553,2024-06-01T03:30:12Z,0.02967513524873492,0.002737109193657679,0.032412244442392595
V99abjiIDw4,INDIANA JONES AND THE GREAT CIRCLE Gameplay Walkthrough FULL GAME [4K 60FPS PC] - No Commentary,20,Gaming,42122,702.0333333333333,2361946,20938,1603,2024-12-06T17:16:19Z,0.008864724257032126,0.000678677666635901,0.009543401923668026
T4DFKOlrXCQ,BLACK MYTH WUKONG Gameplay Walkthrough FULL GAME [4K 60FPS] - No Commentary,20,Gaming,66245,1104.0833333333333,8408996,103142,4504,2024-08-22T11:48:44Z,0.012265673571494147,0.0005356168560432185,0.012801290427537367
TxProAZkf0M,BAD PARENTING - (FULL GAMEPLAY No Commentary),20,Gaming,1580,26.333333333333332,2118167,36598,3393,2024-08-18T02:54:46Z,0.017278146623944193,0.0016018566996842082,0.0188800033236284
2MZQKsiUk7E,CALL OF DUTY BLACK OPS 6 Gameplay Walkthrough Campaign FULL GAME [4K 60FPS PS5],20,Gaming,19203,320.05,5880112,66802,5131,2024-10-24T20:30:00Z,0.011360667960066066,0.0008726024266204453,0.012233270386686512
v0GmA_bzwtg,ROBLOX BREAK IN 3 - SECRET ENDING - FULL GAME PLAY (Fan Game Full Walkthrough),20,Gaming,3000,50.0,3514396,24511,2274,2024-05-28T00:00:31Z,0.006974455923578333,0.0006470528648450545,0.007621508788423387
uACgLf9nFp8,GRANNY 4 FULL GAMEPLAY (HORROR GAME),20,Gaming,1901,31.683333333333334,7609605,244639,21407,2024-06-23T03:30:22Z,0.032148712055356354,0.002813155216335145,0.0349618672716915
jAChlMWt45s,CALL OF DUTY WW2 Gameplay Walkthrough Campaign FULL GAME [PS5 4K 60FPS],20,Gaming,15361,256.01666666666665,2335778,24883,1422,2024-10-27T01:00:23Z,0.010652981576160063,0.0006087907326809311,0.011261772308840994
_UFc6RJasng,Subway Horror: Chapters 1 to 3 - Full Gameplay,20,Gaming,1894,31.566666666666666,2106348,12374,821,2025-05-22T00:15:35Z,0.005874622806867621,0.0003897741493808241,0.006264396956248445
4PqBJHjgIUE,Color or Die: [Chapter 1 to 4] - (Full Walkthrough + All Endings) - Roblox,20,Gaming,3154,52.56666666666667,2292525,12452,422,2024-11-03T04:54:23Z,0.005431565631781551,0.00018407650952552318,0.005615642141307074
ne0hCXzGX8E,99 Nights in the Forest üî¶ - Full Game Walkthrough | Roblox,20,Gaming,4858,80.96666666666667,3390423,18280,788,2025-07-17T09:07:39Z,0.005391657619123041,0.00023241937657926458,0.005624076995702306
ZxU0wcnRNPE,LANKYBOX Playing BLUEY THE VIDEO GAME With BLUEY!? (FULL GAMEPLAY!),20,Gaming,2850,47.5,5830451,6823,505,2024-02-17T01:00:18Z,0.0011702353728725273,8.661422589779076e-05,0.001256849598770318
AcOpiWppO3k,RED DEAD REDEMPTION 2 Gameplay Walkthrough FULL GAME [4K 60FPS PC ULTRA] - No Commentary,20,Gaming,98068,1634.4666666666667,2807864,32604,1542,2024-12-27T23:05:10Z,0.011611673499856118,0.000549171897214395,0.012160845397070514
tMfmxbZcYm0,I Completed Pokemon Emerald's RIDICULOUS Pokedex,20,Gaming,3100,51.666666666666664,4595590,119065,3230,2024-03-29T16:01:00Z,0.025908534051122926,0.0007028477301064716,0.026611381781229397
QH4WuRHMKUA,"Break In 1, 2, 3 - (Full Walkthrough) - Roblox",20,Gaming,5955,99.25,4851868,30711,1771,2024-05-17T05:53:05Z,0.006329727024725322,0.00036501405231964264,0.006694741077044965
gUl8FdkBgpg,ASTRO BOT - Full Game 100% Walkthrough,20,Gaming,27167,452.78333333333336,8458824,29258,3878,2024-09-08T14:56:01Z,0.0034588732428999587,0.0004584561636463887,0.003917329406546348
92Mh3UXEMIE,WARHAMMER 40K SPACE MARINE 2 Gameplay Walkthrough FULL GAME [4K 60FPS] - No Commentary,20,Gaming,24802,413.3666666666667,2429608,29646,1841,2024-09-04T16:00:05Z,0.012201968383377072,0.0007577354042298182,0.012959703787606889
u4yP0tzZAik,LANKYBOX Playing GARTEN OF BANBAN CHAPTER 7!? (FULL GAMEPLAY!),20,Gaming,6064,101.06666666666666,3342084,24457,4080,2024-05-10T14:00:54Z,0.007317889077593501,0.0012207951685235918,0.008538684246117093
Fue6Er47Mzs,Mr Mix Chapter 1 | Full Gameplay,20,Gaming,1264,21.066666666666666,6094089,36813,4004,2025-01-18T05:31:06Z,0.006040771639534637,0.0006570301155759294,0.006697801755110567
5C0LQAoFWDY,GHOST OF YOTEI Walkthrough Gameplay Part 1 - INTRO (FULL GAME),20,Gaming,7671,127.85,1903451,49066,3181,2025-10-01T11:00:08Z,0.02577739064467643,0.001671175144513833,0.027448565789190266
RYLerQty5RA,Roblox DOORS Floor 2: The Mines - Full Gameplay Playthrough (Full Game),20,Gaming,3414,56.9,2990797,39186,3432,2024-08-31T12:55:41Z,0.013102193161220905,0.0011475202094959971,0.014249713370716902
XRhH4DZzgto,LITTLE NIGHTMARES 3 Full Demo 44 Minutes Is Absolutely TERRIFYING! 4K,20,Gaming,2642,44.03333333333333,1976977,27312,1007,2025-07-03T17:18:36Z,0.013815031737850264,0.000509363538371969,0.014324395276222233
Leb8_DXD7qM,GHOST OF TSUSHIMA Gameplay Walkthrough FULL GAME [4K 60FPS PC ULTRA] - No Commentary,20,Gaming,66174,1102.9,3128069,29165,1132,2024-05-25T20:01:21Z,0.009323643436254124,0.000361884600371667,0.00968552803662579
TUeYQWze238,"RINDUNYA HATIKU, CINTA MERAH JAMBU - AJENG FEBRIA - MAHESA MUSIC TERBARU FULL ALBUM 2025",10,Music,6040,100.66666666666667,1747295,5139,196,2025-07-07T00:10:33Z,0.002941117555993693,0.00011217338800832143,0.0030532909440020147
GIGHFb40bps,FULL ALBUM CAMPURSARI LAGU TERBARU TRENDING 2025 NIKEN SALINDRY - SINARENGAN - AYANG AYANG,10,Music,5205,86.75,5615682,23656,899,2025-04-23T06:00:10Z,0.004212489239953402,0.00016008741235703873,0.0043725766523104405
-uFU79MGj00,Fleetwood Mac - Rumours [Full Album],10,Music,2669,44.483333333333334,2330095,17463,1296,2025-01-29T19:32:26Z,0.007494544213862525,0.0005562004982629464,0.008050744712125472
Y5G-OM7LMxg,Playlist Trending üñ§üéß || 25 Lagu Viral Pop Indonesia 2025 Cover Full Album by Valovadinata,10,Music,5158,85.96666666666667,5117628,34699,666,2025-05-09T04:06:39Z,0.006780289618549843,0.0001301384156878929,0.0069104280342377365
5jIiAS6YD20,Azizah Maumere Terbaru 2024  - Azizah Maumere Full Album Terpopuler 2024 Kumpulan Lagu Terbaik,10,Music,3205,53.416666666666664,1908851,10560,521,2024-11-26T23:00:03Z,0.005532123774982961,0.0002729390612467919,0.005805062836229753
fSHnopr6NKw,"RINDUNYA HATIKU, BAHTERAI CINTA - SIMPATIK MUSIC FULL ALBUM TERBARU 2025",10,Music,7719,128.65,2047268,9302,263,2025-05-22T00:00:51Z,0.0045436161753126605,0.00012846388455248653,0.004672080059865147
I_BBu9Ezzag,DJ JAWA TERBARU  2025 FULL BASS - DJ DUH SAYANG NGAPUNTENE SAESTUüé∂DJ SABAR FULL ALBUM VIRAL TERBARU ,10,Music,4497,74.95,6730011,45622,3057,2025-09-03T00:00:18Z,0.006778889365856906,0.00045423402725493315,0.007233123393111839
Z-FO5FbMxPs,BEST OF MITHA TALAHATU || FULL ALBUM MITHA TALAHATU || MP3 MITHA TALAHATU,10,Music,5229,87.15,2314440,12612,334,2024-07-15T04:00:31Z,0.005449266345206616,0.00014431136689652788,0.0055935777121031436
JSCYGIIPuCA,"TIA MONIKA, CINTA MERAH JAMBU - AJENG FEBRIA - MAHESA MUSIC FULL ALBUM TERBARU 2025",10,Music,5580,93.0,5763531,23451,844,2025-06-23T00:00:31Z,0.004068859870797954,0.0001464380082279422,0.004215297879025896
4Q2LT8X2cM8,B·∫£o T√†ng C·ªßa Nu·ªëi Ti·∫øc / V≈©. (Full Album Experience),10,Music,2389,39.81666666666667,5676850,41154,2477,2024-10-04T13:00:06Z,0.007249442912883025,0.0004363335300386658,0.007685776442921691
hSuRasnDdCY,SILVY KUMALASARI || FULL ALBUM || EGO WONG TUO üéµ| TERBARU VERSI CAMPURSARI VIRALüéµ TRENDING 2025,10,Music,4873,81.21666666666667,1566192,5383,270,2025-10-08T08:00:56Z,0.0034369987843125235,0.00017239265683900823,0.003609391441151532
W48DrkMdcSk,Geisha - Full Album Terbaik & Terpopuler -Jika Cinta Dia - Geisha,10,Music,2967,49.45,9191220,52499,2473,2024-05-11T23:00:22Z,0.005711864148611392,0.00026906112572650854,0.005980925274337901
A4WgT0QOXhs,THE WEEKND - S√ÉO PAULO LIVESTREAM,10,Music,5609,93.48333333333333,19306319,494740,13177,2024-09-08T01:48:39Z,0.02562580676306032,0.0006825226497086265,0.02630832941276895
DbfV7b-RAEY,The Highwaymen Live - American Outlaws | Full Concert,10,Music,9504,158.4,3128810,34383,1529,2025-07-30T13:00:33Z,0.01098916201367293,0.0004886841962279589,0.011477846209900888
lWA01RzCs08,David Guetta live @ Ch√¢teau de Chambord 2024,10,Music,6478,107.96666666666667,2210968,28522,954,2024-12-01T19:00:32Z,0.012900231934609638,0.0004314852137163451,0.013331717148325982
2gwUrukqEHk,Dua Lipa Radical Optimism Tour (Live in Liverpool 2025),10,Music,4738,78.96666666666667,1817350,10138,283,2025-06-27T15:00:06Z,0.005578452141854899,0.0001557212424684293,0.005734173384323328
UOwvmgjbwDo,Santana - Full Concert [HD] | Live at North Sea Jazz Festival 2004,10,Music,4617,76.95,3713984,24922,447,2024-05-18T16:00:32Z,0.006710314314762799,0.00012035593045096586,0.006830670245213765
nEPMpwefI-s,HAUSER - Classic Gala Concert LIVE at the Royal Albert Hall - FULL Concert,10,Music,7200,120.0,3311438,59513,7956,2024-08-23T18:00:06Z,0.017971950554411708,0.002402581597481215,0.020374532151892923
X1bx9_TL20A,The Cast of Buena Vista Social Club: Tiny Desk Concert,10,Music,1219,20.316666666666666,2825833,85646,2569,2025-05-27T09:00:47Z,0.030308231236594662,0.0009091124634753717,0.03121734370007003
swfe7h3yhd8,Scorpions - Live in Bremerhaven 1996 (Full Concert),10,Music,4939,82.31666666666666,2851955,0,1214,2024-09-13T16:00:07Z,0.0,0.00042567291559649433,0.00042567291559649433
0oIIRc0zc_U,Vulfpeck Live in France,10,Music,6498,108.3,1708734,38810,2263,2024-08-05T16:00:02Z,0.02271272181626865,0.001324372313069208,0.024037094129337862
hVH89ggy1fY,Andr√© Rieu live in Dublin (Full concert),10,Music,6847,114.11666666666666,3319846,27879,1377,2025-03-17T13:49:50Z,0.008397678687505385,0.00041477827585978383,0.008812456963365169
cMIJsoaxRjk,Justin Timberlake: Tiny Desk Concert,10,Music,1541,25.683333333333334,23741660,475207,18834,2024-03-15T16:00:06Z,0.020015744476165526,0.0007932890960446742,0.0208090335722102
ay1wB-2npMQ,TWICE Full Performance-Lollapalooza Chicago 2025,10,Music,5285,88.08333333333333,4617088,194271,6387,2025-08-09T03:00:03Z,0.042076520958664855,0.0013833394555182834,0.04345986041418314
bquQVe4zLhQ,Alejandro Sanz - M√°s Es M√°s El Concierto - FULL CONCERT HD,10,Music,8824,147.06666666666666,1650336,18659,1034,2025-04-11T20:00:06Z,0.011306182498594226,0.0006265390805266322,0.011932721579120857
kgq4AeUpafg,Sabrina Carpenter - Full Set (Live at Capital's Summertime Ball 2024) | Capital,10,Music,1525,25.416666666666668,4500904,64441,1201,2024-06-21T10:35:33Z,0.014317346026487123,0.0002668352846450402,0.014584181311132163
l5WgAr4B8Vo,"Stromae - Multitude, le film (Full concert)",10,Music,4040,67.33333333333333,3055682,107893,5125,2024-12-14T17:00:07Z,0.03530897521404387,0.001677203321549821,0.03698617853559369
VXG8QUW27ag,The best of Andr√© Rieu live in Maastricht (HD),10,Music,7905,131.75,6574537,61863,2690,2024-07-03T13:24:12Z,0.0094094838921737,0.00040915428721444565,0.009818638179388146
syKZdZJeqGU,40 FINGERS - A Guitar Night (Full Concert),10,Music,5665,94.41666666666667,1758917,28115,566,2024-08-21T12:00:06Z,0.015984267591932992,0.0003217889189768477,0.016306056510909838
7gIxbELSU8U,"Anh Trai ""Say Hi"" Concert T·∫≠p 1: Tua l·∫°i th·ªùi gian c√πng 30 Anh Trai t·∫°i 4 ƒë√™m ƒë·∫°i nh·∫°c h·ªôi ƒë·ªânh cao",10,Music,6666,111.1,1779661,32738,1930,2025-04-12T13:00:06Z,0.01839563827043465,0.0010844762008045353,0.019480114471239186
8sHff8uCd1w,"Lakm√© CC Cream ‡§∏‡•á ‡§¨‡§π‡•Å‡§§ ‡§∏‡•Å‡§Ç‡§¶‡§∞ ‡§∏‡§¨‡§∏‡•á ‡§∏‡§∏‡•ç‡§§‡§æ ‡§Æ‡•á‡§ï‡§Ö‡§™"" ""‡§¨‡§ø‡§®‡§æ ‡§Ü‡§á‡§≤‡•á‡§∂‡•á‡§ú.MakeupTutorial",26,How-to & Style,2151,35.85,1867268,27743,3032,2024-10-19T02:30:32Z,0.014857535179738528,0.0016237626307525218,0.016481297810491048
XIu-_kHArH8,‡§Æ‡•á‡§ï‡§Ö‡§™ ‡§∏‡•Ä‡§ñ‡•ã ‡§®‡•ã‡§ü‡•ç‡§∏ ‡§ï‡•á ‡§∏‡§æ‡§•|Learn how to do makeup| Makeup Notes.#shinewithpranoti #makeup,26,How-to & Style,2538,42.3,2172835,62377,5445,2025-04-16T05:05:15Z,0.02870765612667322,0.0025059426969834342,0.031213598823656652
zzx0JfzZ9KA,Makeup for Mature Women using ONLY Inexpensive Drugstore Products,26,How-to & Style,1520,25.333333333333332,1591607,39139,2320,2024-01-14T15:19:20Z,0.024590869479714526,0.0014576462656924732,0.026048515745407
z5dhDc20kk8,Glass Skin Makeup ‡§ï‡•à‡§∏‡•á ‡§ï‡§∞‡§§‡•á ‡§π‡•à | Trending ‚úÖ Drag Proof Makeup | Wedding Bridal Makeup,26,How-to & Style,2639,43.983333333333334,1899945,41237,2000,2024-09-26T14:36:38Z,0.021704312493256384,0.001052662050743574,0.02275697454399996
r9vZItoI7yI,I Tested BEST vs WORST Selling SEPHORA Products,26,How-to & Style,1566,26.1,6369373,76168,3917,2024-05-11T14:30:18Z,0.011958476917586707,0.0006149741897671874,0.012573451107353894
znEgQ_0cTSM,I Bought EVERY FOUNDATION at SEPHORA  & TESTED Them Back to Back,26,How-to & Style,14352,239.2,2260567,21658,1831,2024-02-17T14:00:11Z,0.009580782166598027,0.0008099737809142574,0.010390755947512284
SHgDlW_zefM,Long Lasting Bridal Makeup for Summer / Step By Step  Bridal Makeup Tutorial For Dark Skin,26,How-to & Style,1419,23.65,1392575,7943,354,2024-07-18T15:53:44Z,0.005703822056262678,0.0002542053390302138,0.0059580273952928925
0QEJZpmrwbI,STEP BY STEP ‚úÖ FESTIVE MAKEUP TUTORIAL | AFFORDABLE AND BUDGET FRIENDLY MAKEUP | DRAG PROOF TEST,26,How-to & Style,1762,29.366666666666667,1879846,30648,813,2024-10-02T07:38:18Z,0.016303463156024482,0.0004324822352469298,0.016735945391271413
ngDcPh9Ieyc,SELF PARTY MAKEUP FOR BEGINNERS ‚úÖ |PARTY MAKEUP AT HOME | WINTER GLOWY BASE üòç,26,How-to & Style,1272,21.2,2817852,0,2667,2024-09-09T09:30:29Z,0.0,0.0009464656057166949,0.0009464656057166949
CFb68l_rdwM,he has NOT WASHED his Hair since 2016! (I found this in it),26,How-to & Style,1210,20.166666666666668,2574408,23308,3196,2024-06-12T23:05:40Z,0.009053731964785691,0.001241450461620691,0.010295182426406382
m2VHdJwoXD4,15 Mind Blowing Hair Transformations | Hottest Haircuts and Hair Color Trends,26,How-to & Style,1251,20.85,3403086,27839,3478,2024-10-25T14:30:20Z,0.008180516155042806,0.0010220135488788705,0.009202529703921675
qMWdiqrDWt4,My wife is too vain. Put her in the chair! (Premium video preview),26,How-to & Style,1271,21.183333333333334,2563407,4177,227,2024-12-18T14:30:06Z,0.001629472026876731,8.855402204956139e-05,0.0017180260489262922
U4dyZd4cYeo,"Wife Said ""No More Long Hair‚Äù ‚Äì Her Reaction to His Transformation Is Priceless",26,How-to & Style,1845,30.75,1687463,26520,2157,2024-12-14T16:00:32Z,0.01571590014121791,0.0012782502490424974,0.01699415039026041
a1NWeofvFko,Barbie Wants Rainbow Hair! üåà Adorable Doll Makeover by 123 GO!,26,How-to & Style,2468,41.13333333333333,2057792,9708,269,2025-02-21T15:00:01Z,0.004717677977171648,0.00013072263863403105,0.004848400615805679
KQhseVUUuXk,Wife‚Äôs Reaction to His New Transformation Is Priceless,26,How-to & Style,1336,22.266666666666666,3235570,32783,2716,2024-10-05T15:00:31Z,0.010132063284058142,0.0008394193295153559,0.010971482613573497
yI9cZIL0wFc,Amazing Haircuts and Hair Color Transformations | Before and After Makeover,26,How-to & Style,1216,20.266666666666666,2296558,16339,1300,2025-04-21T15:45:13Z,0.0071145601373882135,0.0005660645191630257,0.007680624656551239
aauU80mY6m4,Hair 1.5 METERS LONG!!! Homeless Woman's amazing transformation,26,How-to & Style,1290,21.5,7997771,25598,1492,2025-02-28T13:00:03Z,0.0032006417788156224,0.00018655197804488276,0.0033871937568605054
Pqm8l4FJy6w,"Makeup Tutorial Tiktok Compilation - GRWM  ( Get Ready With Me ) ‚ù§Ô∏è(Skincare, Makeup, Outfits) 974ü•∞",26,How-to & Style,2570,42.833333333333336,856892,3734,442,2024-10-08T13:00:25Z,0.004357608660134533,0.0005158176292928397,0.004873426289427373
fkvW4KFQZPY,college morning routine ‚òÖ *sophomore year @ sdsu*,26,How-to & Style,1530,25.5,411760,16245,507,2025-10-17T19:00:49Z,0.0394525937439285,0.0012312997862832717,0.040683893530211776
A9IHC9qtAgs,„É¶„Éã„ÇØ„É≠ÁôΩT‚ú®‰ΩìÊìçÊúç„Å´„Å™„Çâ„Å™„ÅÑÂ§ß‰∫∫„ÅÆÁùÄ„Åì„Å™„ÅóË°ì„ÄêUNIQLO LOOKBOOK„Äë,26,How-to & Style,1697,28.283333333333335,119784,1703,105,2025-06-09T11:30:07Z,0.014217257730581714,0.0008765778401122019,0.015093835570693916
fR8GUtXBDmA,"FALL LOOKBOOK | 12 Comfy Fall Outfit Ideas, How to dress cute and on trend this fall!",26,How-to & Style,1267,21.116666666666667,113699,2628,106,2025-09-17T18:35:44Z,0.023113659750745388,0.0009322861238885127,0.024045945874633903
Fd3UycgTJjg,"FALL LOOKBOOK | 12 Comfy and cozy fall outfits, how to dress cute for the fall!",26,How-to & Style,1638,27.3,249757,4842,130,2024-09-23T17:14:03Z,0.019386844012380035,0.0005205059317656762,0.01990734994414571
Tv23XnBsrX0,5Êúà„ÅÆÊØéÊó•„Ç≥„Éº„ÉáË®òÈå≤3ÈÄ±Èñì21Êó•ÂàÜüé•„É™„Ç¢„É´„Å™40‰ª£Â§ß‰∫∫„Ç´„Ç∏„É•„Ç¢„É´„Äê„Ç¢„É©„Éï„Ç©„Éº„Äë,26,How-to & Style,2169,36.15,338204,3846,153,2025-05-29T11:30:36Z,0.011371834750623883,0.00045238968196709676,0.01182422443259098
Ey-G04eq-f0,„ÄêÊ∞∏‰πÖ‰øùÂ≠òÁâà‚ú®LOOKBOOK„Äë„Çπ„Çø„Ç§„É™„Çπ„ÉàÂ§ßËçâÁõ¥Â≠ê„Åï„ÇìÁõ¥‰ºù„ÄÄÂ§ß‰∫∫„ÅÆËã•Ë¶ã„Åà„Éï„Ç°„ÉÉ„Ç∑„Éß„É≥ÔºÅ„ÉÜ„ÇØ„Éã„ÉÉ„ÇØÊ∫ÄËºâ„ÅÆüëÄÈÉΩ‰ºöÊ¥æÂ§ß‰∫∫„Ç≥„Éº„Éá„ÅßÂ§©Èáé‰Ω≥‰ª£Â≠ê„ÅåÂ§ßÂ§âË∫´üëó„Äê„Éï„Ç°„ÉÉ„Ç∑„Éß„É≥„Äë,26,How-to & Style,1446,24.1,210578,2330,37,2025-05-21T11:00:20Z,0.011064783595627273,0.00017570686396489661,0.01124049045959217
QSLc_DCr9rY,"7Êúà„ÅÆ„É™„Ç¢„É´„Å™„Ç¢„É©„Éï„Ç©„Éº1ÈÄ±Èñì„Ç≥„Éº„ÉáË®òÈå≤„Äê7days,7looks„Äë",26,How-to & Style,2399,39.983333333333334,112519,1477,127,2025-07-31T11:30:18Z,0.013126671939850159,0.0011286982642931417,0.014255370204143301
T1rISGzQjhg,"Áßã„ÅÆÊ∞óÈÖçüçÇ9Êúà„ÅÆ„É™„Ç¢„É´„Å™„Ç¢„É©„Éï„Ç©„Éº1ÈÄ±Èñì„Ç≥„Éº„ÉáË®òÈå≤„Äê7days,7looks„Äë",26,How-to & Style,2294,38.233333333333334,121207,1701,107,2025-09-17T11:30:34Z,0.014033842929863786,0.0008827872977633305,0.014916630227627117
s2Jip-k2WM4,New Market Durga Pujo Collection starts @ ‚Çπ30 üòç,26,How-to & Style,1396,23.266666666666666,227995,3855,154,2025-08-21T11:35:52Z,0.016908265532138863,0.0006754534090659882,0.017583718941204852
uJ3HEnMpJdM,"Ïù∏Í∞Ñ ÌïÄÌÑ∞Î†àÏä§Ìä∏Í∞Ä Îêò.. ìàíìè∏ ìÇÇìàíñ§ê Ï¥àÍ≤®Ïö∏ LOOKBOOK‚õÑÔ∏è (Í≤®Ïö∏ ÌïòÍ∞ùÎ£©, ÏïÑÏö∞ÌÑ∞ Ï∂îÏ≤ú/Ìï†Ïù∏ÏΩîÎìú‚ú®)",26,How-to & Style,1288,21.466666666666665,120907,2624,229,2024-11-05T11:30:35Z,0.02170263094775323,0.0018940177160958424,0.023596648663849074
-p1bWidNgSk,"6Êúà„ÅÆ„É™„Ç¢„É´„Å™„Ç¢„É©„Éï„Ç©„Éº1ÈÄ±Èñì„Ç≥„Éº„ÉáË®òÈå≤„Äê7days,7looks„Äë",26,How-to & Style,2092,34.86666666666667,128792,1673,95,2025-06-23T11:30:01Z,0.01298993726318405,0.0007376234548729735,0.013727560718057022
65w0-cxiCEQ,Áßã„ÅÆÊØéÊó•„Ç≥„Éº„ÉáË®òÈå≤3ÈÄ±Èñì21Êó•ÂàÜüé•„É™„Ç¢„É´„Å™40‰ª£Â§ß‰∫∫„Ç´„Ç∏„É•„Ç¢„É´„Äê„Ç¢„É©„Éï„Ç©„Éº„Äë,26,How-to & Style,2683,44.71666666666667,294507,3849,163,2025-10-16T11:30:07Z,0.013069298862166264,0.0005534673199618346,0.013622766182128099
LmaPm5_pckU,Megastructures: Building Wonders of Modern Mankind | FD Engineering,28,Science & Technology,9262,154.36666666666667,2342467,8110,239,2024-04-07T13:00:47Z,0.0034621619002530237,0.00010202918546984866,0.0035641910857228724
_OmpRDWRT9U,World's Deadliest Computer Virus: WannaCry,28,Science & Technology,1637,27.283333333333335,2802958,72579,1759,2025-10-08T17:00:53Z,0.02589371656657003,0.000627551322567088,0.02652126788913712
6I6D3TT5Vmk,Caterpillar Manufacturing: Inside the Factories Building Behemoths | FD Engineering,28,Science & Technology,3038,50.63333333333333,4578045,29610,1175,2024-12-06T14:00:46Z,0.0064678263319823195,0.0002566597750786635,0.006724486107060983
t-8TDOFqkQA,Exposing The Dark Side of America's AI Data Center Explosion | View From Above | Business Insider,28,Science & Technology,1870,31.166666666666668,3585563,52765,6130,2025-09-12T15:16:20Z,0.014715959529925984,0.001709633884553137,0.01642559341447912
s4ET7Vn3nz4,20 Coolest Tech at CES 2025,28,Science & Technology,1886,31.433333333333334,2527797,25633,1831,2025-01-13T17:01:03Z,0.010140450360531324,0.0007243461401370443,0.010864796500668369
w4FCkbPykdQ,How The Space Shuttle Worked | Full Documentary,28,Science & Technology,4670,77.83333333333333,3545335,38869,1668,2024-12-14T16:56:01Z,0.010963420946116516,0.00047047740199445185,0.011433898348110969
lmnVP35uZFY,Japan's Lost Decade - An Economic Disaster [Documentary],28,Science & Technology,1641,27.35,2709387,64581,5233,2024-05-13T15:08:53Z,0.02383601899617884,0.0019314331987272397,0.02576745219490608
id4YRO7G0wE,The AI Revolution Is Underhyped | Eric Schmidt | TED,28,Science & Technology,1538,25.633333333333333,2134509,35868,4118,2025-05-15T15:13:46Z,0.01680386449530079,0.0019292493027670533,0.018733113798067847
Oa0ZHfcalCM,"What do tech pioneers think about the AI revolution? - The Engineers, BBC World Service",28,Science & Technology,1548,25.8,2110996,34883,1091,2024-08-10T11:00:31Z,0.016524427331932413,0.0005168176538468097,0.017041244985779226
rN5f72lhJz8,ENGINEERING EARTH:  Sci-fi Solutions to Earth's Problems | 4K Documentary,28,Science & Technology,2403,40.05,2804839,89744,5395,2025-06-03T16:32:06Z,0.03199613239833017,0.0019234615605387688,0.03391959395886894
g9ch8yHthP4,China Has Launched New Generation Transport SHOCKING The US,28,Science & Technology,2073,34.55,19792229,80706,7723,2024-12-30T22:00:24Z,0.004077660985025992,0.0003902036501295534,0.0044678646351555456
38XMIMrIg_g,Apple - The House that Tim Cook Built (Full Documentary),28,Science & Technology,1891,31.516666666666666,2184995,84610,3991,2024-01-03T23:15:22Z,0.03872320073958979,0.001826548802171172,0.040549749541760965
dww8Hekngmg,LIFE BEYOND: Visions of Alien Life. Full Documentary Remastered (4K),28,Science & Technology,6484,108.06666666666666,5671859,92612,5394,2024-04-17T16:16:54Z,0.016328332562568992,0.0009510109472044351,0.017279343509773427
JilVKu1qBBE,Nothing Phone (3a) In-Depth Review After 30 Days ‚ö° Mixed Feelings!,28,Science & Technology,1430,23.833333333333332,1380294,28694,1643,2025-04-09T08:06:44Z,0.020788324806164483,0.0011903261189282863,0.02197865092509277
-Pbj4D9UOf0,OnePlus 13 in-Depth Review in Telugu,28,Science & Technology,1362,22.7,532291,22317,1216,2025-01-07T17:23:53Z,0.04192631474137267,0.0022844647006994294,0.0442107794420721
dhdMPObAii8,The TRUTH about the Meta Quest 3S! (The Most In-Depth Review),28,Science & Technology,1435,23.916666666666668,538461,9398,631,2024-12-25T16:01:00Z,0.017453446024874596,0.0011718583147154575,0.018625304339590053
GgOjugCn7BM,Lenovo Idea Tab Pro In-Depth Review ‚Äì How Good Is This Mid-Range Tablet?,28,Science & Technology,1325,22.083333333333332,185407,2036,426,2025-01-20T14:15:00Z,0.01098124666274736,0.002297647877372483,0.013278894540119844
s1fxZ-VWs2U,"How to Build a PC, the last guide you‚Äôll ever need! (2024 Update)",28,Science & Technology,6889,114.81666666666666,5544712,88509,3502,2024-04-11T21:42:10Z,0.015962776786242458,0.0006315927680283484,0.016594369554270808
UtLyX72-688,Raspberry Pi 5: Getting Started,28,Science & Technology,1483,24.716666666666665,1207718,23975,839,2024-07-05T14:00:24Z,0.019851488509734887,0.0006946985968578757,0.020546187106592763
FYL9e_aqZY0,This AI Supercomputer can fit on your desk...,28,Science & Technology,1439,23.983333333333334,824877,23155,3793,2025-10-14T15:02:20Z,0.02807085177547683,0.004598261316535677,0.03266911309201251
WpnLehvOM6E,"I built my PC, now what? - How to set up a PC, the last guide you'll ever need!",28,Science & Technology,2273,37.88333333333333,3587811,85144,2130,2024-02-09T01:47:13Z,0.023731461885812825,0.000593676757220489,0.024325138643033314
QPoiJhAkeRo,Best Video Editing App 2024 - Full CapCut Course for Free ü§© in Hindi,28,Science & Technology,2851,47.516666666666666,1224743,56518,2014,2024-08-02T12:52:12Z,0.04614682427252085,0.0016444266266473864,0.04779125089916823
ncDuF0Wx9do,Apple iPhone 17 Series First Look ! *Apple Lied*,28,Science & Technology,1357,22.616666666666667,2936956,68857,2736,2025-09-10T08:25:54Z,0.023445022669730156,0.0009315767754096418,0.0243765994451398
ceYeDX5WTms,Building a $100 Minecraft Server! (2025),28,Science & Technology,2363,39.38333333333333,2704204,87169,2746,2025-01-31T22:00:25Z,0.03223462431088779,0.0010154559345374832,0.03325008024542527
XG39r3kqPAM,Samsung Galaxy S25 Series is Here - CRAZIEST AI Yet !,28,Science & Technology,1425,23.75,3323333,93765,3332,2025-01-22T18:03:03Z,0.028214145257186084,0.001002607924032891,0.029216753181218975
ViT7MEQmrRQ,Como conectar el disco duro de tu computadora a tu celular con simple truco!,28,Science & Technology,1719,28.65,931472,18839,516,2025-04-05T13:34:36Z,0.02022497724032499,0.0005539619011628906,0.02077893914148788
UbRPG3AB1cQ,iOS 18 - 350+ Cosas Nuevas!,28,Science & Technology,4220,70.33333333333333,829883,17118,1166,2024-09-16T17:06:22Z,0.02062700404755851,0.0014050173337687361,0.022032021381327246
kg_RDN4S4bQ,2D Animation Complete Course in Hindi | Mobile Se Cartoon Video Kaise Banaye | Full Explained | FREE,28,Science & Technology,18953,315.8833333333333,2245520,85652,4327,2024-08-09T14:30:08Z,0.03814350350920945,0.0019269478784424098,0.040070451387651855
DC-Xn2C_L1U,First Person View POV PC BUILD Guide! (2024),28,Science & Technology,2094,34.9,3258757,83200,2156,2024-05-12T16:57:09Z,0.025531207144319137,0.0006616019543648084,0.026192809098683947
Mho0M1Ns0Rw,How to Build a PC - Full Detailed Build Guide (2025),28,Science & Technology,6489,108.15,3169815,85479,4133,2024-05-31T15:49:31Z,0.026966557985245197,0.0013038615818273306,0.028270419567072526
